{
    "width": 640,
    "height": 480,
    "baseline_meters": 0.075,
    "fx": 451.0344543457031,
    "fy": 451.0344543457031,
    "cx0": 299.03839111328125,
    "cx1": 299.03839111328125,
    "cy": 255.16502380371094,
    "depth_range": [0.5, 5.0],
    "left_image_rect_normalized": [0, 0, 1, 1]
}
